run,scenario,config,fleet,vehicles,authed_vehicles,success_rate,auth_ok_total,auth_fail_total,initial_latency_mean_ms,initial_latency_p95_ms,reauth_latency_mean_ms,join_time_mean_ms,join_time_p95_ms,rsu_batches,rsu_batch_mean_d,rsu_agg_delay_mean_ms,as_batches,as_auth_requests,as_ack_total,as_dec_msgs,as_dec_vehicles,as_dec_delay_mean_ms,as_busy_s,as_auth_busy_ms,as_dec_busy_ms,as_busy_per_auth_ms,as_auth_per_auth_ms,as_auth_per_authed_ms,vehicles_per_batch,total_bytes,channel_kbps
c20_v50_CMP_HASSAN2022,c20_v50,CMP_HASSAN2022,20,18,18,1.0,72,49,313.1940555555555,545.3353999999999,352.7794259259259,820.3432222222223,1466.3744999999997,60,1.2,0.05,0,76,75,60,72,62.157,4.555091999999999,825.69,3729.402,59.935421052631575,10.864342105263159,11.0092,nan,401342,10.702453333333333
c50_v50_CMP_HASSAN2022,c50_v50,CMP_HASSAN2022,50,49,49,1.0,112,154,340.3723265306122,551.8796,337.0645714285714,1101.5342040816327,1705.903,74,1.5135135135135136,0.12837837837837837,0,115,113,74,112,62.157,5.843635,1244.04,4599.596,50.81421739130435,10.817739130434783,11.009203539823009,nan,664603,17.722746666666666
c100_v50_CMP_HASSAN2022,c100_v50,CMP_HASSAN2022,100,100,100,1.0,181,347,338.39806,561.8155999999999,340.05993827160495,1195.31267,1687.2455,95,1.8842105263157896,0.22105263157894736,0,191,183,95,179,62.157,7.919569999999999,2014.684,5904.886,41.46371727748691,10.548083769633507,11.009202185792349,nan,1129503,30.12008
c200_v50_CMP_HASSAN2022,c200_v50,CMP_HASSAN2022,200,204,204,1.0,309,709,338.5804068627451,556.3248,320.05836190476185,1402.7597598039215,6655.177849999999,107,2.794392523364486,0.4487009345794392,0,333,316,107,299,62.157,10.129674000000001,3478.907,6650.767,30.419441441441442,10.447168168168169,11.009199367088607,nan,1970773,52.55394666666666
c500_v50_CMP_HASSAN2022,c500_v50,CMP_HASSAN2022,500,507,507,1.0,633,1788,333.1792761341223,561.9239,327.44688888888885,1530.5988441814598,6753.110099999999,136,4.411764705882353,0.8532058823529411,0,678,644,136,600,62.15699999999999,15.543236,7089.925,8453.311,22.925126843657818,10.457116519174042,11.009200310559006,nan,4374561,116.65496
c20_v50_CMP_HE2023,c20_v50,CMP_HE2023,20,18,18,1.0,68,50,313.90722222222223,465.1334499999999,302.67528,842.6705,1470.2043999999996,51,1.3137254901960784,0.0784313725490196,0,73,70,51,67,62.15699999999999,3.747821,577.829,3169.992,51.34001369863014,7.915465753424657,8.2547,nan,374580,9.9888
c50_v50_CMP_HE2023,c50_v50,CMP_HE2023,50,49,49,1.0,115,161,330.0341020408163,539.3358,349.261803030303,1129.3652653061224,1677.085,73,1.5616438356164384,0.1404109589041096,0,119,116,73,114,62.15699999999999,5.4949840000000005,957.545,4537.439,46.176336134453784,8.046596638655462,8.254698275862069,nan,630664,16.817706666666666
c100_v50_CMP_HE2023,c100_v50,CMP_HE2023,100,100,100,1.0,163,354,328.97083,543.4919,321.8217142857143,1230.39649,1646.1611999999998,81,2.0,0.25,0,169,163,81,162,62.157,6.380209,1345.516,5034.693,37.75271597633136,7.961633136094675,8.254699386503068,nan,997142,26.590453333333336
c200_v50_CMP_HE2023,c200_v50,CMP_HE2023,200,204,204,1.0,301,712,328.9969852941176,559.7786,326.3328762886598,1422.243524509804,6731.688149999998,104,2.7403846153846154,0.435201923076923,0,323,309,104,285,62.157,9.014999,2550.702,6464.297,27.91021362229102,7.8969102167182665,8.254699029126215,nan,1782974,47.545973333333336
c500_v50_CMP_HE2023,c500_v50,CMP_HE2023,500,507,507,1.0,632,1786,326.82221893491123,556.0738,307.714272,1537.2456725838265,6586.2838999999985,144,4.194444444444445,0.7988819444444445,0,669,637,144,604,62.157000000000004,14.208808999999999,5258.244,8950.565,21.238877428998503,7.859856502242152,8.254700156985871,nan,3949904,105.33077333333333
c20_v50_CMP_SEIFELNASR2024,c20_v50,CMP_SEIFELNASR2024,20,18,18,1.0,75,44,381.1092777777778,557.3419,363.067350877193,1261.0469444444445,2399.7568499999934,60,1.2333333333333334,0.058333333333333334,0,75,75,60,74,62.157,4.967607,1238.205,3729.402,66.23476,16.5094,16.5094,nan,683183,18.218213333333335
c50_v50_CMP_SEIFELNASR2024,c50_v50,CMP_SEIFELNASR2024,50,49,49,1.0,121,158,335.58714285714285,574.9508,320.62888888888887,1145.9097959183673,1689.4142000000002,78,1.5384615384615385,0.1346153846153846,0,127,122,78,120,62.157000000000004,6.862368999999999,2014.147,4848.223,54.03440157480315,15.859425196850394,16.50940163934426,nan,1408398,37.55728
c100_v50_CMP_SEIFELNASR2024,c100_v50,CMP_SEIFELNASR2024,100,100,100,1.0,174,356,346.18098,567.69205,318.65908108108107,1308.34178,2011.5923499999853,86,1.9767441860465116,0.24419767441860465,0,182,176,86,170,62.157,8.251130999999999,2905.654,5345.476,45.335884615384614,15.965131868131868,16.509397727272727,nan,2547595,67.93586666666667
c200_v50_CMP_SEIFELNASR2024,c200_v50,CMP_SEIFELNASR2024,200,204,204,1.0,293,712,335.8006715686274,569.93415,341.58121348314603,1429.9780245098038,6601.348,112,2.5535714285714284,0.3884732142857143,0,313,298,112,286,62.157,11.881352000000001,4919.801,6961.55,37.9595910543131,15.71821405750799,16.50939932885906,nan,4734159,126.24424
c500_v50_CMP_SEIFELNASR2024,c500_v50,CMP_SEIFELNASR2024,500,507,507,1.0,627,1781,353.90181459566077,567.2673,331.8622,1796.481650887574,6979.3574,142,4.23943661971831,0.8101338028169014,0,660,639,142,602,62.157,19.375758,10549.507,8826.251,29.357209090909095,15.984101515151515,16.509400625978092,nan,11301742,301.3797866666667
c20_v50_O2M_AGG,c20_v50,O2M_AGG,20,18,18,1.0,96,31,1330.6909999999998,1337.92265,1738.0300512820515,2288.547222222222,2918.383749999992,177,4.016949152542373,0.7544632768361581,30,40,97,174,693,62.157,11.725385000000001,910.119,10815.266,293.134625,22.752975,9.382670103092783,3.2333333333333334,2510935,66.95826666666666
c20_v50_s1_O2M_AGG,c20_v50_s1,O2M_AGG,20,16,16,1.0,93,21,1495.9631875,2195.3595,1999.022844155844,3252.6313125,7982.38725,149,4.442953020134228,0.8609798657718121,32,42,101,145,639,62.157,9.98346,970.738,9012.721,237.70142857142855,23.112809523809524,9.611267326732674,3.15625,2664742,71.05978666666667
c20_v50_s2_O2M_AGG,c20_v50_s2,O2M_AGG,20,16,16,1.0,104,12,1205.800625,1337.5967500000002,1464.3283977272729,4466.9980625,9165.08425,118,4.779661016949152,0.9452457627118644,29,46,108,115,548,62.157,8.028122999999999,880.102,7148.02,174.52441304347823,19.132652173913044,8.149092592592593,3.7241379310344827,3114006,83.04016
c20_v50_s3_O2M_AGG,c20_v50_s3,O2M_AGG,20,19,19,1.0,141,11,1439.4365789473686,1693.8908000000051,1938.3919262295083,6210.61694736842,17506.88800000006,158,4.89873417721519,0.9750443037974683,42,54,152,155,744,62.157,10.908819,1274.53,9634.289,202.01516666666666,23.60240740740741,8.385065789473684,3.619047619047619,4417837,117.80898666666667
c20_v50_s4_O2M_AGG,c20_v50_s4,O2M_AGG,20,21,21,1.0,92,52,2022.8881428571428,5551.24,1429.0914366197183,4374.962619047619,8872.801,141,3.0638297872340425,0.5160780141843971,30,43,104,135,415,62.157,9.301431000000001,910.276,8391.154,216.31234883720933,21.16920930232558,8.752653846153846,3.466666666666667,2001380,53.37013333333333
c20_v50_s5_O2M_AGG,c20_v50_s5,O2M_AGG,20,20,20,1.0,79,45,1337.5243500000001,1337.6301500000002,3012.199169491525,2267.73695,2339.0253000000043,135,2.9555555555555557,0.48900740740740734,31,34,80,132,390,62.157000000000004,9.111666,906.982,8204.684,267.9901764705882,26.675941176470587,11.337275,2.5806451612903225,1745151,46.53736
c50_v50_O2M_AGG,c50_v50,O2M_AGG,50,49,49,1.0,293,62,1734.7132653061224,4885.6612000000005,2262.2212213114753,2991.252775510204,7489.914800000001,322,4.717391304347826,0.9296925465838509,53,79,316,318,1501,62.157,21.376962,1611.132,19765.831,270.59445569620254,20.39407594936709,5.098518987341772,5.962264150943396,9267126,247.12336
c50_v50_s1_O2M_AGG,c50_v50_s1,O2M_AGG,50,57,57,1.0,352,48,1914.7218596491227,4319.31,1872.396301694915,4044.714807017544,8419.978200000007,171,5.888888888888889,1.2226432748538012,55,100,443,168,973,62.157000000000004,12.067317,1624.991,10442.326,120.67316999999998,16.24991,3.668151241534989,8.054545454545455,10672401,284.59736
c50_v50_s2_O2M_AGG,c50_v50_s2,O2M_AGG,50,68,68,1.0,391,92,2176.561573529412,5185.4922,1791.9407492260061,3530.161176470588,7961.6573499999995,181,5.8121546961325965,1.2035082872928178,57,95,437,177,1029,62.157,12.703629000000001,1701.893,11001.736,133.7224105263158,17.914663157894736,3.894491990846682,7.666666666666667,10217448,272.46528
c50_v50_s3_O2M_AGG,c50_v50_s3,O2M_AGG,50,49,49,1.0,366,23,2221.523816326531,5139.1306,2014.126050473186,3494.3920408163262,7963.295999999999,202,6.623762376237623,1.4064356435643564,59,86,403,198,1308,62.157,14.101702999999999,1794.676,12307.027,163.9732906976744,20.868325581395347,4.453290322580645,6.830508474576271,13522973,360.61261333333334
c50_v50_s4_O2M_AGG,c50_v50_s4,O2M_AGG,50,55,55,1.0,263,111,1793.6722181818182,4115.176699999999,1642.2883461538463,4523.348054545455,13763.379599999995,196,3.7551020408163267,0.689015306122449,48,87,320,191,709,62.157,13.298810999999999,1426.881,11871.93,152.85989655172415,16.40093103448276,4.459003125000001,6.666666666666667,6531392,174.17045333333334
c50_v50_s5_O2M_AGG,c50_v50_s5,O2M_AGG,50,58,58,1.0,250,119,2112.6030344827586,4835.04305,1878.0665,3801.610948275862,8195.650349999998,179,3.9664804469273744,0.7418491620111731,51,89,292,174,686,62.157,12.332310999999999,1517.045,10815.266,138.56529213483145,17.045449438202247,5.195359589041096,5.7254901960784315,5678879,151.43677333333335
c100_v120_O2M_AGG,c100_v120,O2M_AGG,100,101,101,1.0,552,39,2233.6388415841584,5054.736,2353.35677827051,3830.407049504951,10222.345,250,6.476,1.369548,79,159,723,247,1595,62.157,17.693838,2341.133,15352.705,111.282,14.724106918238993,3.2380816044260023,9.151898734177216,13871645,369.9105333333333
c100_v120_s1_O2M_AGG,c100_v120_s1,O2M_AGG,100,107,107,1.0,605,42,2026.6583738317756,4424.013199999999,2169.724080321285,3738.0247289719628,8789.970200000003,287,4.912891986062718,0.978567944250871,72,151,680,287,1410,62.15699999999999,20.016814,2177.841,17838.973,132.5616821192053,14.422788079470198,3.2027073529411765,9.444444444444445,15534893,414.26381333333336
c100_v120_s2_O2M_AGG,c100_v120_s2,O2M_AGG,100,116,115,0.9913793103448276,638,29,2206.898930434783,4943.6695,2324.494665391969,3969.6547826086958,9611.608699999999,181,8.237569060773481,1.810049723756906,74,167,892,179,1464,62.157,13.369192,2243.143,11126.049,80.05504191616765,13.431994011976048,2.5147343049327353,12.054054054054054,16880072,450.13525333333337
c100_v120_s3_O2M_AGG,c100_v120_s3,O2M_AGG,100,99,99,1.0,522,48,1968.0638686868688,5259.040699999999,1681.9263333333333,4090.128535353535,9027.010699999999,295,5.538983050847458,1.135122033898305,78,152,671,295,1634,62.157,20.695453,2359.227,18336.226,136.1542960526316,15.521230263157895,3.5159865871833085,8.602564102564102,14787991,394.3464266666667
c100_v120_s4_O2M_AGG,c100_v120_s4,O2M_AGG,100,94,94,1.0,368,111,2246.401074468085,5035.63065,2924.258189781022,3354.9129042553195,7359.679399999995,191,5.162303664921466,1.0409267015706807,67,134,515,188,970,62.157,13.708264999999999,2022.805,11685.46,102.30048507462686,15.095559701492538,3.9277766990291263,7.686567164179104,8238303,219.68807999999999
c100_v120_s5_O2M_AGG,c100_v120_s5,O2M_AGG,100,116,116,1.0,620,60,2326.162543103448,5273.25825,2257.8216567460317,4231.314603448276,9090.71125,261,6.398467432950191,1.3501302681992338,80,183,720,256,1642,62.157,18.299955999999998,2387.841,15912.115,99.99975956284152,13.048311475409836,3.3164458333333333,9.0,15373482,409.95952
c100_v30_O2M_AGG,c100_v30,O2M_AGG,100,102,102,1.0,578,160,2119.6718921568627,4789.828300000001,2045.5102752100838,3761.8298921568626,8011.449100000001,367,5.179836512261581,1.0453760217983652,69,143,646,361,1843,62.157,24.524853,2086.284,22438.569,171.50246853146854,14.589398601398603,3.229541795665635,9.36231884057971,17292631,461.13682666666665
c100_v30_s1_O2M_AGG,c100_v30_s1,O2M_AGG,100,104,104,1.0,680,108,2180.8791923076924,4777.7234,2004.7724461805556,4393.743307692308,12669.260249999998,370,4.8,0.9503243243243243,69,172,867,362,1727,62.157,24.575473000000002,2074.748,22500.725,142.8806569767442,12.062488372093023,2.3930196078431374,12.565217391304348,21229596,566.12256
c100_v30_s2_O2M_AGG,c100_v30_s2,O2M_AGG,100,114,114,1.0,693,153,2346.0001754385967,5048.994449999999,2246.970580310881,4469.669456140351,11597.27305,178,8.157303370786517,1.7899550561797755,73,169,871,173,1408,62.157000000000004,12.965513000000001,2212.404,10753.109,76.71901183431953,13.091147928994083,2.540073478760046,11.931506849315069,19646341,523.9024266666667
c100_v30_s3_O2M_AGG,c100_v30_s3,O2M_AGG,100,98,98,1.0,741,49,2005.1170612244898,4723.021450000003,1927.3336469673404,4380.884326530612,12129.21020000001,295,6.606779661016949,1.402206779661017,77,167,905,290,1903,62.157,20.293635,2268.192,18025.443,121.51877245508982,13.581988023952096,2.506289502762431,11.753246753246753,26784153,714.2440799999999
c100_v30_s4_O2M_AGG,c100_v30_s4,O2M_AGG,100,92,92,1.0,653,64,2272.491434782609,5222.224500000001,1997.7935543672013,3650.360304347826,8255.86635,259,7.27027027027027,1.5681583011583011,66,130,736,253,1832,62.157,17.72316,1997.515,15725.645,136.332,15.3655,2.714014945652174,11.151515151515152,23237231,619.6594933333333
c100_v30_s5_O2M_AGG,c100_v30_s5,O2M_AGG,100,113,113,1.0,661,185,2121.7163274336285,5102.459200000001,2405.0595656934306,4596.477168141593,8900.531400000005,240,5.954166666666667,1.239,75,158,800,235,1390,62.157,16.894669,2287.844,14606.825,106.9282848101266,14.480025316455697,2.859805,10.666666666666666,17521644,467.24384000000003
c100_v50_s1_O2M_AGG,c100_v50_s1,O2M_AGG,100,104,104,1.0,460,207,2002.2305865384615,4480.32965,2457.7844073033707,3536.5394519230767,8003.3875,222,5.490990990990991,1.1231666666666666,64,139,549,219,1199,62.157,15.545095,1932.778,13612.317,111.83521582733812,13.904877697841727,3.5205428051001824,8.578125,11686899,311.65064
c100_v50_s2_O2M_AGG,c100_v50_s2,O2M_AGG,100,112,112,1.0,833,34,2508.7806785714283,5500.212950000001,2115.9602371705964,4677.094491071429,10402.96675,252,7.2023809523809526,1.5511309523809524,75,179,944,247,1769,62.157,17.594264,2241.559,15352.705,98.29197765363128,12.522675977653632,2.374532838983051,12.586666666666666,29567139,788.45704
c100_v50_s3_O2M_AGG,c100_v50_s3,O2M_AGG,100,98,98,1.0,598,100,2225.1443367346938,5236.648900000001,1995.4558319999999,3801.168081632653,8153.174300000004,296,4.85472972972973,0.9640033783783782,71,142,725,289,1403,62.157,20.095365,2132.079,17963.286,141.51665492957747,15.014640845070424,2.9407986206896553,10.211267605633802,16859655,449.5908
c100_v50_s4_O2M_AGG,c100_v50_s4,O2M_AGG,100,92,92,1.0,544,160,2399.586858695652,5318.6951,2266.5455398230088,4103.012597826087,8164.20095,247,5.246963562753036,1.062145748987854,68,134,674,243,1271,62.157,17.111197,2007.119,15104.078,127.6955,14.978499999999999,2.9779213649851632,9.911764705882353,13825525,368.6806666666667
c100_v50_s5_O2M_AGG,c100_v50_s5,O2M_AGG,100,113,113,1.0,536,186,2282.9839026548675,5168.9734,2858.336853427896,4157.1038053097345,8244.383800000003,225,5.817777777777778,1.2048577777777778,67,155,650,221,1288,62.157000000000004,15.762475,2025.845,13736.631,101.6933870967742,13.069967741935484,3.1166846153846155,9.701492537313433,13363140,356.35040000000004
c100_v80_O2M_AGG,c100_v80,O2M_AGG,100,100,100,1.0,448,151,2266.5614,4554.088499999999,1780.754370689655,4535.20975,13625.5806,290,4.779310344827586,0.9451793103448275,73,155,522,287,1353,62.15699999999999,20.027017,2188.044,17838.973,129.20656129032258,14.116412903225806,4.1916551724137925,7.1506849315068495,10915855,291.0894666666667
c100_v80_s1_O2M_AGG,c100_v80_s1,O2M_AGG,100,105,105,1.0,597,86,2243.3531523809525,5306.7328,1797.027882113821,4387.453647619047,11433.592799999999,325,4.846153846153846,0.96188,76,165,690,320,1529,62.157,22.156251,2266.107,19890.144,134.2803090909091,13.733981818181817,3.284213043478261,9.078947368421053,15664378,417.71674666666667
c100_v80_s2_O2M_AGG,c100_v80_s2,O2M_AGG,100,112,112,1.0,664,100,2256.4654196428573,4881.371300000001,2073.8919873188406,5921.172919642857,15193.829500000007,187,6.711229946524064,1.4283368983957219,73,188,868,187,1255,62.15699999999999,13.819132,2195.829,11623.303,73.50602127659575,11.679941489361703,2.5297569124423966,11.89041095890411,19595420,522.5445333333333
c100_v80_s3_O2M_AGG,c100_v80_s3,O2M_AGG,100,98,98,1.0,450,194,2013.2078367346937,5135.662600000001,1992.3187045454545,3471.353418367347,9292.910600000007,225,4.96,0.9903066666666667,72,156,616,219,1090,62.157,15.78872,2176.403,13612.317,101.20974358974358,13.951301282051281,3.533121753246753,8.555555555555555,9190810,245.08826666666667
c100_v80_s4_O2M_AGG,c100_v80_s4,O2M_AGG,100,93,93,1.0,498,122,2292.7054731182793,5508.616,2154.980279012346,3985.704752688172,8294.026400000004,211,6.170616113744076,1.2931042654028435,67,137,651,208,1285,62.157,14.95446,2025.866,12928.594,109.15664233576642,14.787343065693431,3.1119293394777268,9.716417910447761,13366682,356.44485333333336
c100_v80_s5_O2M_AGG,c100_v80_s5,O2M_AGG,100,114,114,1.0,559,165,2279.791394736842,5290.5367,1673.8115730337079,5316.888728070176,12669.53734999999,191,7.219895287958115,1.5555340314136124,69,199,757,189,1352,62.157,13.819893,2072.277,11747.616,69.44669849246232,10.413452261306533,2.7374861294583885,10.971014492753623,14563131,388.35015999999996
c200_v50_s1_O2M_AGG,c200_v50_s1,O2M_AGG,200,195,195,1.0,1419,95,2193.2663435897434,5063.5137,1982.5317491830065,4857.340656410256,9991.070900000004,361,6.92797783933518,1.4825650969529087,95,310,1716,357,2466,62.157,25.087189,2897.247,22189.942,80.92641612903225,9.345958064516129,1.6883723776223776,18.063157894736843,46955183,1252.1382133333334
c200_v50_s2_O2M_AGG,c200_v50_s2,O2M_AGG,200,208,208,1.0,1282,216,2514.285028846154,5298.8105000000005,1854.4857597765363,5164.699846153846,12920.4021,283,6.671378091872792,1.4183639575971732,92,320,1978,275,1827,62.157,19.839406999999998,2746.314,17093.093,61.998146874999996,8.58223125,1.3884297269969665,21.5,38868897,1036.50392
c200_v50_s3_O2M_AGG,c200_v50_s3,O2M_AGG,200,198,198,1.0,1203,243,2493.321611111111,5295.976,2112.0217761194026,5944.643636363636,15201.99335,371,4.638814016172507,0.9099865229110513,87,316,1494,359,1662,62.157,24.914865000000002,2600.609,22314.255,78.84450949367088,8.229775316455695,1.740702141900937,17.17241379310345,30567380,815.1301333333333
c200_v50_s4_O2M_AGG,c200_v50_s4,O2M_AGG,200,191,190,0.9947643979057592,1141,228,2447.5060368421055,5278.3927,2108.4013911671923,4460.425084210526,11166.143750000005,210,7.985714285714286,1.7471095238095238,85,264,1376,205,1639,62.157,15.329071,2586.947,12742.123,58.06466287878788,9.799041666666668,1.8800486918604653,16.188235294117646,32748676,873.2980266666666
c200_v50_s5_O2M_AGG,c200_v50_s5,O2M_AGG,200,194,194,1.0,869,421,2518.3334329896907,5438.2089000000005,2027.9096325925927,4524.115469072165,11605.85545,284,4.947183098591549,0.9871408450704225,74,252,1063,276,1356,62.157,19.402243,2246.994,17155.249,76.99302777777777,8.916642857142858,2.1138231420507996,14.364864864864865,18938602,505.02938666666665
c500_v50_s1_O2M_AGG,c500_v50_s1,O2M_AGG,500,509,509,1.0,3589,237,2548.9317878192537,5448.8878,2387.359112012987,4938.933612966601,12188.206800000002,470,8.536170212765958,1.884744680851064,133,688,4704,462,3910,62.157,32.814443,4098.047,28716.395,47.6954113372093,5.956463662790697,0.8711834608843536,35.36842105263158,118678566,3164.76176
c500_v50_s2_O2M_AGG,c500_v50_s2,O2M_AGG,500,474,473,0.9978902953586498,3228,347,2512.6860126849892,5439.0422,2610.433128493648,6229.407904862579,15467.766399999997,478,6.562761506276151,1.391173640167364,133,701,5633,471,3064,62.157000000000004,33.378248,4102.442,29275.806,47.61518972895863,5.852271041369472,0.7282872359311202,42.35338345864662,104789951,2794.3986933333335
c500_v50_s3_O2M_AGG,c500_v50_s3,O2M_AGG,500,507,507,1.0,3600,203,2602.1415798816565,5396.217000000001,2617.7422786938246,5667.221489151873,14615.096899999999,560,7.1875,1.5474553571428573,139,725,5608,549,3920,62.157,38.390986,4266.958,34124.028,52.95308413793103,5.885459310344827,0.7608698288159771,40.34532374100719,111410687,2970.9516533333335
c500_v50_s4_O2M_AGG,c500_v50_s4,O2M_AGG,500,473,472,0.9978858350951374,3346,266,2519.5676207627116,5335.21105,2680.8559773834377,6118.84679661017,16291.948049999995,446,6.874439461883408,1.469127802690583,129,716,4498,435,2973,62.157,30.994009,3955.845,27038.164,43.287722067039105,5.524923184357542,0.8794675411293909,34.86821705426357,107887651,2877.004026666667
c500_v50_s5_O2M_AGG,c500_v50_s5,O2M_AGG,500,508,507,0.9980314960629921,3700,87,2557.15624852071,5242.5722,2509.377343250861,4828.649923076923,11729.335899999998,358,10.162011173184357,2.2913798882681564,135,669,4588,351,3546,62.157,25.906924999999998,4089.923,21817.002,38.72485052316891,6.113487294469357,0.8914391891891892,33.98518518518519,133623317,3563.288453333333
c100_v50_O2M_PAPER,c100_v50,O2M_PAPER,100,100,100,1.0,496,163,2215.43178,5012.8186,1918.5827626262626,4716.82386,13635.53745,239,5.338912133891213,1.085121338912134,68,153,618,236,1241,326.8495805084746,79.142326,2005.861,77136.465,517.2701045751634,13.110202614379086,3.2457297734627835,9.088235294117647,13090016,349.06709333333333
c20_v50_O2O_AGG,c20_v50,O2O_AGG,20,18,18,1.0,57,57,386.6196666666667,594.3362,360.61458974358976,1395.6068333333333,2407.786299999992,162,3.7962962962962963,0.6992592592592592,0,59,58,158,594,62.15699999999999,11.430082,1609.323,9820.759,193.7302033898305,27.276661016949156,27.74694827586207,nan,1273262,33.953653333333335
c20_v50_s1_O2O_AGG,c20_v50_s1,O2O_AGG,20,16,16,1.0,34,50,384.4308125,550.867,406.2992777777778,1413.250375,2762.89775,84,3.2738095238095237,0.5686190476190476,0,36,35,83,263,62.157,6.135604,976.598,5159.006,170.43344444444446,27.12772222222222,27.9028,nan,698121,18.61656
c20_v50_s2_O2O_AGG,c20_v50_s2,O2O_AGG,20,16,16,1.0,44,42,339.0159375,548.0315,335.5765,1342.7271875000001,2713.3902500000004,99,4.232323232323233,0.8082828282828283,0,49,45,97,412,62.157,7.32216,1292.961,6029.2,149.4318367346939,26.38695918367347,28.732466666666667,nan,925714,24.685706666666665
c20_v50_s3_O2O_AGG,c20_v50_s3,O2O_AGG,20,19,19,1.0,51,59,311.34994736842106,563.5344,360.5441875,1305.3204736842106,2192.3607000000075,135,3.5703703703703704,0.6427407407407407,0,53,52,133,464,62.157,9.711106,1444.264,8266.841,183.22841509433962,27.250264150943394,27.77430769230769,nan,1069832,28.528853333333334
c20_v50_s4_O2O_AGG,c20_v50_s4,O2O_AGG,20,21,21,1.0,71,60,334.89295238095235,549.721,363.81667999999996,975.1510952380952,1178.969,181,3.7569060773480665,0.6894198895027625,0,74,73,176,654,62.157,12.961549999999999,2021.97,10939.579,175.15608108108108,27.32391891891892,27.69821917808219,nan,1447547,38.60125333333333
c20_v50_s5_O2O_AGG,c20_v50_s5,O2O_AGG,20,20,20,1.0,61,52,350.80035,571.0662,377.25941463414637,1033.3205,1240.8489000000002,174,3.396551724137931,0.5992413793103448,0,61,61,171,573,62.157,12.306894,1678.098,10628.796,201.7523606557377,27.509803278688523,27.509803278688523,nan,1236034,32.960906666666666
c50_v50_O2O_AGG,c50_v50,O2O_AGG,50,49,49,1.0,119,159,355.08218367346944,560.4698,348.2248285714286,1230.8741224489797,1255.1276,235,5.263829787234043,1.06631914893617,0,131,122,229,1200,62.157,17.713874,3479.99,14233.884,135.22041221374045,26.56480916030534,28.52450819672131,nan,2505956,66.82549333333333
c50_v50_s1_O2O_AGG,c50_v50_s1,O2O_AGG,50,57,57,1.0,125,179,320.9875438596491,567.9978,361.9357205882353,1179.9937543859648,1328.0808000000004,212,4.183962264150943,0.7962216981132075,0,136,127,209,859,62.157000000000004,16.608289,3617.539,12990.75,122.11977205882353,26.59955147058824,28.484559055118112,nan,2039952,54.398720000000004
c50_v50_s2_O2O_AGG,c50_v50_s2,O2O_AGG,50,68,68,1.0,123,230,386.21757352941177,592.6289499999999,378.2423272727273,1305.6660294117646,1432.9090499999998,159,5.433962264150943,1.1088616352201257,0,128,124,156,836,62.157000000000004,13.16268,3466.235,9696.445,102.8334375,27.0799609375,27.95350806451613,nan,2075078,55.33541333333333
c50_v50_s3_O2O_AGG,c50_v50_s3,O2O_AGG,50,49,49,1.0,116,161,344.5423673469388,573.375,365.1769850746269,1002.930306122449,1268.7744,185,4.902702702702703,0.9759891891891892,0,119,116,181,870,62.157,14.482764,3232.401,11250.363,121.70389915966386,27.16303361344538,27.865525862068964,nan,2020753,53.88674666666667
c50_v50_s4_O2O_AGG,c50_v50_s4,O2O_AGG,50,55,55,1.0,101,195,361.5694363636363,564.6908,329.9556086956522,1565.7847818181817,3189.1923999999854,180,3.727777777777778,0.6821499999999999,0,106,101,176,640,62.157,13.786843000000001,2847.264,10939.579,130.06455660377358,26.860981132075473,28.190732673267327,nan,1680529,44.81410666666667
c50_v50_s5_O2O_AGG,c50_v50_s5,O2O_AGG,50,58,58,1.0,130,187,346.2019655172414,575.44595,320.97793055555553,997.8556551724138,1233.9522,208,4.475961538461538,0.8692548076923077,0,132,131,204,909,62.15699999999999,16.297504999999997,3617.539,12679.967,123.46594696969694,27.405598484848486,27.61480152671756,nan,2158116,57.54976
c100_v50_O2O_AGG,c100_v50,O2O_AGG,100,100,100,1.0,178,356,344.54781,567.77035,353.4549230769231,1709.9569099999999,1308.457749999999,238,5.46218487394958,1.1159495798319328,0,191,182,232,1259,62.157,19.550932,5130.578,14420.354,102.36090052356022,26.86166492146597,28.189989010989013,nan,3039810,81.06160000000001
c100_v50_s1_O2O_AGG,c100_v50_s1,O2O_AGG,100,104,104,1.0,171,366,338.90502884615387,563.6486,363.1053134328358,2267.986480769231,6014.747799999972,263,4.201520912547529,0.8006615969581748,0,194,172,257,1061,62.157,21.008564999999997,5034.293,15974.272,108.29157216494845,25.94996391752577,29.269145348837206,nan,2780278,74.14074666666667
c100_v50_s2_O2O_AGG,c100_v50_s2,O2O_AGG,100,112,112,1.0,165,404,372.67309821428574,570.11,346.7539433962264,1782.3231517857143,4018.539100000015,194,4.546391752577319,0.8869175257731958,0,170,168,193,868,62.157,16.645399,4649.156,11996.243,97.9141117647059,27.347976470588236,27.673547619047618,nan,2499376,66.65002666666668
c100_v50_s3_O2O_AGG,c100_v50_s3,O2O_AGG,100,98,98,1.0,177,345,344.65263265306123,562.73465,342.2736455696202,1133.559224489796,1274.7887,290,3.8,0.7002068965517242,0,193,183,286,1061,62.157,22.948659,5171.842,17776.816,118.9049689119171,26.797108808290155,28.26143169398907,nan,2744383,73.18354666666666
c100_v50_s4_O2O_AGG,c100_v50_s4,O2O_AGG,100,92,92,1.0,144,341,357.58709782608696,569.1163,351.1018461538461,1143.2938369565218,1285.36415,237,3.8227848101265822,0.7059367088607594,0,148,144,234,884,62.157,18.561099,4016.431,14544.668,125.41283108108107,27.138047297297298,27.891881944444446,nan,2365507,63.08018666666667
c100_v50_s5_O2O_AGG,c100_v50_s5,O2O_AGG,100,113,113,1.0,185,389,351.17898230088497,571.7934,349.87402777777777,2120.6477876106196,1435.359800000002,256,4.3671875,0.8421093749999999,0,207,187,252,1090,62.157,21.082919,5419.431,15663.488,101.84985024154591,26.180826086956518,28.980914438502673,nan,2888012,77.01365333333334
c200_v50_O2O_AGG,c200_v50,O2O_AGG,200,204,204,1.0,297,714,346.02029411764704,567.1189,357.9561720430107,2683.0523235294118,7031.95815,293,5.665529010238908,1.1668054607508531,0,331,306,290,1634,62.157,26.787314,8761.871,18025.443,80.9284410876133,26.47090936555891,28.63356535947712,nan,4502118,120.05648
c200_v50_s1_O2O_AGG,c200_v50_s1,O2O_AGG,200,195,195,1.0,261,694,364.7567846153846,579.5002000000001,324.72510606060604,1562.2717435897434,1494.7567000000001,336,4.154761904761905,0.7889494047619048,0,272,264,331,1383,62.157000000000004,27.946493999999998,7372.626,20573.868,102.74446323529412,27.105242647058823,27.926613636363637,nan,3955191,105.47175999999999
c200_v50_s2_O2O_AGG,c200_v50_s2,O2O_AGG,200,208,208,1.0,292,751,351.6674038461539,568.6263,363.75277380952383,2603.485394230769,6956.8292,267,5.411985018726591,1.1034119850187265,0,312,295,262,1419,62.157,24.63428,8349.224,16285.055,78.95602564102563,26.760333333333335,28.302454237288135,nan,4334620,115.58986666666667
c200_v50_s3_O2O_AGG,c200_v50_s3,O2O_AGG,200,198,198,1.0,264,709,346.6755808080808,579.55945,361.8633484848485,2915.9817020202017,6880.569,266,4.996240601503759,0.9994097744360902,0,285,268,264,1316,62.157000000000004,24.015828000000003,7606.46,16409.369,84.26606315789473,26.689333333333334,28.382313432835822,nan,3984266,106.24709333333334
c200_v50_s4_O2O_AGG,c200_v50_s4,O2O_AGG,200,191,190,0.9947643979057592,260,683,358.03501578947373,573.0115000000001,359.5634857142857,1736.3856368421052,6910.6642,256,5.0546875,1.014,0,284,263,252,1262,62.157,23.187419000000002,7523.93,15663.488,81.64584154929578,26.492711267605635,28.60809885931559,nan,3894440,103.85173333333334
c200_v50_s5_O2O_AGG,c200_v50_s5,O2O_AGG,200,194,194,1.0,261,696,351.0995051546392,560.8227499999999,373.6039552238806,2411.1223659793814,7160.378,250,5.432,1.108388,0,289,267,248,1342,62.157,23.062586,7647.724,15414.862,79.8013356401384,26.462712802768166,28.64316104868914,nan,3987862,106.34298666666666
c500_v50_O2O_AGG,c500_v50,O2O_AGG,500,507,507,1.0,631,1785,345.3361794871795,575.5922,332.69523387096774,2565.4393214990137,7123.1348,317,9.173501577287066,2.044154574132492,0,703,642,314,2894,62.157,38.017544,18500.34,19517.204,54.07900995732575,26.316273115220483,28.81672897196262,nan,8908688,237.56501333333333
c500_v50_s1_O2O_AGG,c500_v50_s1,O2O_AGG,500,509,509,1.0,638,1798,345.8260648330059,572.0814,360.9591240310077,3646.019475442043,7575.520800000001,365,7.843835616438356,1.7116191780821917,0,753,661,359,2831,62.157,41.763684,19449.429,22314.255,55.46305976095618,25.829254980079682,29.424249621785172,nan,9029791,240.79442666666665
c500_v50_s2_O2O_AGG,c500_v50_s2,O2O_AGG,500,474,473,0.9978902953586498,589,1674,355.0790803382664,579.0542,353.2063275862069,4424.809456659619,15488.067399999874,299,8.331103678929766,1.8334749163879598,0,695,607,295,2477,62.157,36.245106,17908.88,18336.226,52.15123165467626,25.768172661870505,29.503920922570018,nan,8372202,223.25872
c500_v50_s3_O2O_AGG,c500_v50_s3,O2O_AGG,500,507,507,1.0,634,1811,347.1713510848126,570.4968,342.4488188976378,4573.055698224852,13256.682799999999,399,6.576441102756892,1.3946416040100251,0,767,656,394,2605,62.157000000000004,44.062962,19573.223,24489.74,57.44845110821382,25.51919556714472,29.83723018292683,nan,8939355,238.38279999999997
c500_v50_s4_O2O_AGG,c500_v50_s4,O2O_AGG,500,473,473,1.0,598,1709,342.669266384778,575.443,366.996472,4506.368640591966,13205.955199999999,379,6.240105540897098,1.3104828496042216,0,694,608,376,2339,62.157,41.279799,17908.88,23370.919,59.480978386167145,25.805302593659945,29.455394736842106,nan,8346242,222.56645333333333
c500_v50_s5_O2O_AGG,c500_v50_s5,O2O_AGG,500,0,0,nan,0,92,351.79406569343064,578.1009,307.1278611111111,2039.672682481752,7094.3291500000005,119,8.798319327731093,1.950327731092437,0,0,0,0,0,62.157,nan,nan,nan,nan,nan,nan,nan,0,0.0
c100_v50_O2O_PAPER,c100_v50,O2O_PAPER,100,100,100,1.0,178,356,344.54781,567.77035,353.4549230769231,1709.9569099999999,1308.457749999999,238,5.46218487394958,1.1159495798319328,0,191,182,232,1259,337.30737068965516,83.385863,5130.578,78255.285,436.5751989528796,26.86166492146597,28.189989010989013,nan,3039810,81.06160000000001
sens_aggw10_c100,sens_aggw10,c100,0,100,100,1.0,496,163,2215.43178,5012.8186,1918.5827626262626,4716.82386,13635.53745,129,9.891472868217054,2.2237286821705426,68,153,618,126,1217,62.157,9.837606,2005.861,7831.744,64.29807843137255,13.110202614379086,3.2457297734627835,9.088235294117647,13090016,349.06709333333333
sens_aggw1_c100,sens_aggw1,c100,0,100,100,1.0,496,163,2215.43178,5012.8186,1918.5827626262626,4716.82386,13635.53745,601,2.1231281198003327,0.2807936772046589,68,153,618,599,1270,62.157,39.237725,2005.861,37231.863,256.45571895424837,13.110202614379086,3.2457297734627835,9.088235294117647,13090016,349.06709333333333
sens_aggw20_c100,sens_aggw20,c100,0,100,100,1.0,496,163,2215.43178,5012.8186,1918.5827626262626,4716.82386,13635.53745,75,17.013333333333332,4.004893333333333,68,153,618,72,1168,62.157000000000004,6.4811440000000005,2005.861,4475.282,42.3604183006536,13.110202614379086,3.2457297734627835,9.088235294117647,13090016,349.06709333333333
sens_aggw1_c200,sens_aggw1,c200,0,204,204,1.0,1019,327,2418.126818627451,5007.39095,2763.4464061349695,4955.806647058824,11601.987499999994,530,3.0226415094339623,0.5057867924528302,84,283,1316,527,1591,62.157,35.24588,2489.299,32756.581,124.54374558303886,8.796109540636042,1.8915645896656534,15.666666666666666,24782376,660.86336
sens_aggw20_c200,sens_aggw20,c200,0,204,204,1.0,1019,327,2418.126818627451,5007.39095,2763.4464061349695,4955.806647058824,11601.987499999994,78,20.53846153846154,4.88648717948718,84,283,1316,72,1449,62.157000000000004,6.964581,2489.299,4475.282,24.609826855123675,8.796109540636042,1.8915645896656534,15.666666666666666,24782376,660.86336
sens_reauth10,sens,reauth10,0,100,100,1.0,1401,247,2374.20577,5190.4383,2622.5916318216755,4517.71603,12380.332999999999,194,5.252577319587629,1.063541237113402,82,195,1794,188,1001,62.157,14.174505,2489.046,11685.46,72.68976923076923,12.764338461538461,1.3874280936454848,21.878048780487806,20476178,546.0314133333334
sens_reauth60,sens,reauth60,0,100,100,1.0,312,117,2221.66385,5141.405400000001,1613.5081226415095,4794.5792200000005,13610.974799999998,218,7.270642201834862,1.568307339449541,62,141,363,215,1551,62.157,15.215245999999999,1851.555,13363.691,107.90954609929078,13.131595744680851,5.100702479338843,5.854838709677419,10943043,291.81448
dens_r15_c100_v50,dens_r15_c100,v50,0,100,100,1.0,604,155,1967.66908,4454.849699999999,1840.7938134920637,3643.97163,8036.846449999999,212,5.033018867924528,1.0085849056603773,66,144,712,207,1026,62.157,14.830394,1963.957,12866.437,102.98884722222222,13.638590277777778,2.758366573033708,10.787878787878787,15032405,400.86413333333337
dens_r15_c500_v50,dens_r15_c500,v50,0,507,507,1.0,3711,148,2507.326781065089,5312.0093,2592.91820380774,4548.664362919132,10524.3776,387,5.640826873385013,1.1605891472868217,131,622,5158,379,2121,62.15699999999999,27.555588,3998.199,23557.389,44.3015884244373,6.427972668810289,0.7751452113222179,39.37404580152672,120472108,3212.589546666667
dens_r35_c100_v50,dens_r35_c100,v50,0,100,100,1.0,582,170,2264.86327,4844.9313,1807.8118195020747,4375.32642,9525.976399999998,271,5.929889298892989,1.232918819188192,71,158,670,266,1591,62.157,18.681035,2147.353,16533.682,118.23439873417722,13.590841772151899,3.2050044776119404,9.43661971830986,15821266,421.9004266666667
dens_r35_c500_v50,dens_r35_c500,v50,0,507,507,1.0,3672,233,2579.5654871794873,5175.8946,2295.380641706161,4546.955779092702,11338.419999999998,487,9.878850102669405,2.2205728952772077,128,632,4559,475,4695,62.157,33.46789,3943.458,29524.432,52.955522151898734,6.239648734177215,0.864983110331213,35.6171875,127556553,3401.50808
