phase,n,d,time_ms
rsu_partial_key,0,0,6.7766
vsk_combine_eta3,0,3,21.1631
auth_veh_sign,0,0,13.4891
auth_veh_verify_d10,0,10,38.5909
auth_as_verify_one,0,0,20.4512
auth_as_batch_d10,0,10,256.3310
bruteforce_dl_R1024,0,0,3.8052
setup,10,0,134.3799
enc,10,0,135.0582
keygen_paper,10,0,82.0705
keygen_opt,10,0,18.5238
dec_paper,10,10,699.6002
dec_aggregated,10,10,80.6507
agg_enc_paper,10,10,13.6557
agg_enc_componentwise,10,10,95.5124
setup,20,0,252.9733
enc,20,0,258.4736
keygen_paper,20,0,155.7229
keygen_opt,20,0,17.2824
dec_paper,20,10,1359.6865
dec_aggregated,20,10,144.0005
agg_enc_paper,20,10,13.5457
agg_enc_componentwise,20,10,169.4793
setup,30,0,350.7516
enc,30,0,379.4910
keygen_paper,30,0,211.5214
keygen_opt,30,0,17.1138
dec_paper,30,10,1964.5798
dec_aggregated,30,10,215.8199
agg_enc_paper,30,10,12.9091
agg_enc_componentwise,30,10,250.6024
setup,40,0,469.2981
enc,40,0,500.5559
keygen_paper,40,0,281.9805
keygen_opt,40,0,19.2489
dec_paper,40,10,2662.8048
dec_aggregated,40,10,275.3333
agg_enc_paper,40,10,16.3653
agg_enc_componentwise,40,10,337.7303
setup,50,0,540.6796
enc,50,0,578.0966
keygen_paper,50,0,334.5990
keygen_opt,50,0,18.4171
dec_paper,50,10,3230.9162
dec_aggregated,50,10,328.3842
agg_enc_paper,50,10,12.7469
agg_enc_componentwise,50,10,389.4761
